{"bits": 16, "length": 350, "sample_rate": 44100, "samples_per_pixel": 1024, "data": [-0.02038634257609238, 0.02095658992087818, -0.0675743103571174, 0.05495758785373155, -0.08617862998075415, 0.09138213700192459, -0.08510941620928078, 0.07990590918811034, -0.058735476512937486, 0.06629125383134934, -0.0638677026160097, 0.05260531755649013, -0.05973340936631264, 0.07063938983534108, -0.052248912965999005, 0.06878608596478723, -0.07363318839546654, 0.06707534393042983, -0.10086249910898852, 0.05966212844821441, -0.06864352412859077, 0.08582222539026303, -0.11362178344857082, 0.11419203079335662, -0.17527977760353552, 0.17114548435383847, -0.19473946824435098, 0.1913892650937344, -0.09195238434671038, 0.11141207498752584, -0.09444721648014827, 0.09530258749732697, -0.12901846175778744, 0.13122817021883243, -0.17805973340936632, 0.1806258464609024, -0.1050680732767838, 0.07990590918811034, -0.13636039632190464, 0.1525411647302017, -0.1686506522204006, 0.16259177418205145, -0.15182835554921947, 0.17898638534464323, -0.17699051963789295, 0.15574880604462185, -0.20429111126951316, 0.18276427400384918, -0.16686862926794496, 0.139639318554423, -0.09972200441941692, 0.12089243709458977, -0.09965072350131869, 0.09587283484211277, -0.10492551144058736, 0.07890797633473519, -0.1428469598688431, 0.14698125311854016, -0.20293677382564687, 0.21127664124313922, -0.11255256967709744, 0.0888873048684867, -0.17734692422838405, 0.17107420343574026, -0.17478081117684796, 0.15852876185045264, -0.16451635897070355, 0.15403806401026446, -0.23658136716800912, 0.18611447715446575, -0.19438306365385985, 0.16622710100506094, -0.13194097939981467, 0.13700192458478866, -0.1422767125240573, 0.12281702188324185, -0.1618789650010692, 0.15382422125596978, -0.23237579300021385, 0.2534749447572885, -0.22332311640173924, 0.20094090811889656, -0.17613514862071422, 0.20992230379927293, -0.0891724285408796, 0.09523130657922874, -0.1464822866918526, 0.1769192387197947, -0.1754936203578302, 0.1464822866918526, -0.11604533466391047, 0.10029225176420273, -0.07983462827001211, 0.08539453988167367, -0.0488274288972842, 0.04198446075985459, -0.06978401881816237, 0.054102216836552856, -0.5418062584646091, 0.4301090598046903, -0.6636253474944758, 0.5516430251621641, -0.5787297740394897, 0.423052248912966, -0.24071566041770617, 0.2101361465535676, -0.29973626060303654, 0.22695844322474873, -0.28148834556989094, 0.28348421127664125, -0.24884168508090385, 0.23294604034499963, -0.14940480433387981, 0.16508660631548935, -0.06543588281417065, 0.06315489343502745, -0.3288188751871124, 0.22881174709530258, -0.5659704896999074, 0.346425261957374, -0.5311141207498753, 0.42091382137001926, -0.565542804191318, 0.4810749162449212, -0.4122175493620358, 0.38855228455342505, -0.2655214199158885, 0.2859790434100791, -0.37643452847672676, 0.2961722146981253, -0.4672464181338656, 0.38284981110556704, -0.33523415781595267, 0.4461472663767909, -0.4020956589920878, 0.34065150759141777, -0.3307434599757645, 0.2848385487205075, -0.14890583790719225, 0.15631905338940766, -0.2784945470097655, 0.2712238933637465, -0.3703043695202794, 0.3648870197448143, -0.37358329175279775, 0.2803478508803193, -0.29852448499536677, 0.24085822225390263, -0.32012260317912894, 0.31099864566255614, -0.29424762990947323, 0.27136645519994296, -0.27970632261743533, 0.24805759498182336, -0.2747879392686578, 0.27949247986314063, -0.2069997861572457, 0.20600185330387055, -0.1573169862427828, 0.14840687148050466, -0.22218262171216765, 0.23251835483641028, -0.21220329317841613, 0.19545227742533325, -0.10806187183690925, 0.11761351486207142, -0.12424264024520636, 0.1206785943402951, -0.4700263739396963, 0.4976120892437095, -0.3638890868914392, 0.45662556133723003, -0.13579014897711883, 0.13992444222681588, -0.23836339012046476, 0.22282414997505168, -0.33010193171288044, 0.3528405445862143, -0.3353054387340509, 0.3797847316273434, -0.45213486349704185, 0.42355121533965356, -0.593413643167724, 0.44650367096728205, -0.412288830280134, 0.2773540523201939, -0.32603891938128166, 0.2965999002067147, -0.2868344144272578, 0.2478437522275287, -0.3187682657352627, 0.2610307220757003, -0.24064437949960796, 0.24484995366740323, -0.11312281702188325, 0.13849882386485138, -0.07199372727920736, 0.07791004348136003, -0.11568893007341935, 0.06593484924085823, -0.07128091809822511, 0.09009908047615653, -0.30736331883954665, 0.3026587782450638, -0.6943474231948108, 0.3417920022809894, -0.7560766982678737, 0.4533466391047117, -0.5542804191317984, 0.35882814170646515, -0.398032646660489, 0.2983819231591703, -0.1854016679734835, 0.21227457409651437, -0.16458763988880176, 0.15111554636823724, -0.08097512295958371, 0.08068999928719083, -0.07876541449853874, 0.0942333737258536, -0.0894575522132725, 0.05182122745740965, -0.048684867061087746, 0.07398959298595766, -0.12830565257680518, 0.11946681873262528, -0.30201724998217977, 0.2680875329674246, -0.3631049967923587, 0.39560909544514933, -0.39952954594055173, 0.4443652434243353, -0.24948321334378787, 0.13236866490840402, -0.14819302872620999, 0.11340794069427615, -0.09323544087247844, 0.10257324114334593, -0.0732767838049754, 0.07035426616294818, -0.08510941620928078, 0.10271580297954237, -0.09252263169149619, 0.0834699550930216, -0.13735832917527976, 0.12003706607741108, -0.28255755934136434, 0.3526267018319196, -0.3512010834699551, 0.3584717371159741, -0.26117328391189676, 0.14448642098510228, -0.35333951101290184, 0.3836339012046475, -0.40052747879392686, 0.38598617150188896, -0.3177703328818875, 0.3623921876113764, -0.36702544728776104, 0.3975336802338014, -0.29374866348278567, 0.46411005773754366, -0.32924656069570174, 0.37835911326537885, -0.3137073205502887, 0.33509159597975624, -0.22980967994867774, 0.19416922089956518, -0.10485423052248913, 0.1042127022596051, -0.16294817877254258, 0.20364958300662914, -0.14669612944614727, 0.09323544087247844, -0.1354337443866277, 0.13379428327036852, -0.0917385415924157, 0.06921377147337658, -0.33409366312638106, 0.4064437949960796, -0.4155677525126524, 0.45562762848385485, -0.3481360039917314, 0.3887661273077197, -0.4154251906764559, 0.304939767624207, -0.25404519210207427, 0.19039133224035926, -0.20799771901062086, 0.19431178273576163, -0.19174566968422554, 0.15047401810535319, -0.3594696699693492, 0.3265378858079692, -0.6322617435312566, 0.497469527407513, -0.5702473447858009, 0.4450780526053176, -0.5972628127450281, 0.3785016751015753, -0.5564188466747452, 0.4451493335234158, -0.5795851450566684, 0.3944686007555777, -0.43338798203720863, 0.41777746097369733, -0.47408938627129515, 0.4210563832062157, -0.4008126024663198, 0.3877681944543446, -0.38391902487704044, 0.33216907833772896, -0.44450780526053174, 0.46603464252619575, -0.42355121533965356, 0.38940765557060375, -0.12602466319766198, 0.1377147337657709, -0.07021170432675172, 0.08938627129517428, -0.2958870910257324, 0.17128804619003493, -0.16373226887162307, 0.14819302872620999, -0.22268158813885522, 0.1643737971345071, -0.37942832703685225, 0.25882101361465537, -0.10228811747095302, 0.10642241072065008, -0.10841827642740039, 0.10556703970347138, -0.20528904412288831, 0.16658350559555207, -0.200441941692209, 0.2290968707676955, -0.12295958371943831, 0.11198232233231165, -0.4679592273148478, 0.3924014541307292, -0.5759498182336589, 0.3835626202865493, -0.5715304013115688, 0.35882814170646515, -0.2609594411576021, 0.16608453916886448, -0.11526124456483, 0.13108560838263597, -0.12538313493477796, 0.0698552997362606, -0.1501888944329603, 0.12837693349490342, -0.2930358543018034, 0.29146767410364244, -0.30793356618433243, 0.2623137786014684, -0.27036852234656783, 0.3393684510656497, -0.16522916815168578, 0.1573169862427828, -0.08703400099793285, 0.09359184546296956, -0.16202152683726567, 0.1911041414213415, -0.33430750588067576, 0.23102145555634757, -0.44115760210991517, 0.29431891082757144, -0.3732981680804049, 0.28348421127664125, -0.3924727350488274, 0.33665977617791715, -0.2892579656425975, 0.30109059804690286, 